Systematic.Name	Official.Symbol	Position	psite	Author	Pubmed.ID	Notes
YKL112W	ABF1	720	ADDEEDLSDENIQPE	Gnad F (2009)	19795423	No phenotype reported
YDL099W	BUG1	87	QNDVDEESEEKEIEQ	Gnad F (2009)	19795423	Too strong
YER159C	BUR6	64	KVKKIMQTDEDIGKV	Creton S (2002)	12502746	Too strong
YBR160W	CDC28	46	LKKIRLESEDEGVPS	Russo GL (2000)	10998356	Too strong
YOL139C	CDC33	2	______MSVEEVSKK	Zanchin NI (1995)	7592868	No phenotype reported
YOL139C	CDC33	15	KKFEENVSVDDTTAT	Zanchin NI (1995)	7592868	No phenotype reported
YDR054C	CDC34	207	ADNFWYDSDLDDDEN	Sadowski M (2007)	17461777	Too strong
YDR054C	CDC34	216	LDDDENGSVILQDDD	Sadowski M (2007)	17461777	Would be a strong contender but maps to a ubiquitin-binding site
YDR054C	CDC34	282	PHKAEDESEDVEDVE	Helbig AO (2010)	21126336	Too strong
YDR168W	CDC37	14	KWDKIELSDDSDVEV	Gnad F (2009)	19795423	Too strong
YDR168W	CDC37	17	KIELSDDSDVEVHPN	Gnad F (2009)	19795423	Too strong
YMR031C	EIS1	775	KEPEEKISIGNKSSG	Gnad F (2009)	19795423	No phenotype reported
YJR093C	FIP1	73	EDIYSDSSDDDSDSD	Zielinski R (2006)	16496213	Too strong
YJR093C	FIP1	77	SDSSDDDSDSDLEVI	Zielinski R (2006)	16496213	Too strong
YML074C	FPR3	184	EDEDADIYDSEDYDL	Wilson LK (1995)	7559654	Avoid Y phosphorylation
YML074C	FPR3	186	EDADIYDSEDYDLTP	Wilson LK (1997)	9148902	Too strong
YGR196C	FYV8	92	SKSDISPSDKEVGYL	Gnad F (2009)	19795423	No phenotype reported
YGR196C	FYV8	100	DKEVGYLSDGVPKLM	Gnad F (2009)	19795423	No phenotype reported
YER027C	GAL83	87	SNHAENGSGETFDSD	Mangat S (2010)	19897735	Multisite cluster
YER027C	GAL83	90	AENGSGETFDSDDDI	Mangat S (2010)	19897735	Multisite cluster
YER027C	GAL83	93	GSGETFDSDDDIDAS	Mangat S (2010)	19897735	Multisite cluster
YDL226C	GCS1	157	ATPGVAQSREGTPLE	Smolka MB (2007)	17563356	No phenotype reported
YMR281W	GPI12	205	NEQPPHVTALYLRSY	Bodenmiller B (2010)	21177495	No phenotype reported
YMR281W	GPI12	211	VTALYLRSYKNNIVL	Bodenmiller B (2010)	21177495	No phenotype reported
YMR281W	GPI12	212	TALYLRSYKNNIVLK	Bodenmiller B (2010)	21177495	No phenotype reported
YNL030W	HHF2	2	______MSGRGKGGK	Cheung WL (2005)	15823538	At protein start
YLR309C	IMH1	825	KSGRVSRSGSIGTLA	Li X (2007)	17330950	No phenotype reported
YFR024C-A	LSB3	255	SFSSTDASSTRPNTR	Bodenmiller B (2010)	21177495	No phenotype reported
YFR024C-A	LSB3	256	FSSTDASSTRPNTRS	Bodenmiller B (2010)	21177495	No phenotype reported
YDR005C	MAF1	159	NYDSGSMSSSSLDSS	Graczyk D (2011)	21383183	Multisite cluster
YDR005C	MAF1	160	YDSGSMSSSSLDSSS	Graczyk D (2011)	21383183	Multisite cluster
YDR005C	MAF1	161	DSGSMSSSSLDSSSK	Graczyk D (2011)	21383183	Multisite cluster
YDR005C	MAF1	162	SGSMSSSSLDSSSKN	Graczyk D (2011)	21383183	Multisite cluster 
YDR005C	MAF1	388	ENVIDDKSDQEESLQ	Graczyk D (2011)	21383183	Too strong
YNL173C	MDG1	288	EEKVPVSSITSHAKE	Gnad F (2009)	19795423	No phenotype reported
YKR048C	NAP1	159	KGQEIVESLNETELL	Calvert ME (2008)	18086883	Candidate
YKR048C	NAP1	177	EEKAQNDSEEEQVKG	Gnad F (2009)	19795423	Candidate
YKR048C	NAP1	397	LEDDDGESAEEQDDF	Calvert ME (2008)	18086883	Candidate
YDR397C	NCB2	112	KFKKSGLSEEELLRQ	Creton S (2002)	12502746	Too strrong
YDR043C	NRG1	161	QRTDPRNTLSDEEDL	Berkey CD (2006)	16607517	Possible but phenotype is not clear
YDR043C	NRG1	163	TDPRNTLSDEEDLEQ	Soulard A (2010)	20702584	Possible but phenotype is not clear
YHL020C	OPI1	38	SQPSEDVSQADKMPA	Chang YF (2006)	16407309	Probable misannotation
YHL020C	OPI1	239	ISKFTANSLPEPARS	Chang YF (2006)	16407309	Probable missannotation
YDL065C	PEX19	62	GVQVANESEEDPELK	Holt LJ (2009)	19779198	Too strong
YER089C	PTC2	376	DPMDIDDTDADTDAE	Guillemain G (2007)	17325030	Too strong
YDR496C	PUF6	31	LAKKPRISIDSSDEE	Gnad F (2009)	19795423	Multisiste cluster
YDR496C	PUF6	34	KPRISIDSSDEESEL	Gnad F (2009)	19795423	Multisiste cluster
YDR496C	PUF6	35	PRISIDSSDEESELS	Gnad F (2009)	19795423	Multisiste cluster
YOR119C	RIO1	402	DNADHECSSGTEEFS	Angermayr M (2007)	17725716	Multisiste cluster
YOR119C	RIO1	403	NADHECSSGTEEFSD	Angermayr M (2007)	17725716	Multisiste cluster
YOR119C	RIO1	409	SSGTEEFSDDEEDGS	Angermayr M (2007)	17725716	Multisiste cluster
YOR119C	RIO1	416	SDDEEDGSSGSEEDD	Angermayr M (2007)	17725716	Multisiste cluster
YOR119C	RIO1	417	DDEEDGSSGSEEDDE	Angermayr M (2007)	17725716	Multisiste cluster
YOR119C	RIO1	419	EEDGSSGSEEDDEEE	Angermayr M (2007)	17725716	Multisiste cluster
YDL020C	RPN4	214	IFNNEFDSDDDDISD	Ju D (2007)	17532487	Too strong
YDL020C	RPN4	220	DSDDDDISDDEEDEI	Ju D (2007)	17532487	Too strong
YOR254C	SEC63	652	SDYTDIDTDTEAEDD	Wang X (2005)	15671059	Too strong
YOR254C	SEC63	654	YTDIDTDTEAEDDES	Wang X (2005)	15671059	Too strong
YOR057W	SGT1	361	TKRAMMKSFIESNGT	Bansal PK (2009)	19398558	Dimerisation interface and so a poor candidate
YLR079W	SIC1	201	NDARSQESEDEEDII	Gnad F (2009)	19795423	Too strong
YNL189W	SRP1	67	PPTDGADSDEEDESS	Azuma Y (1997)	9258433	Too strong
YJR007W	SUI2	292	SKELDNRSDSEDDED	Gnad F (2009)	19795423	Too strong
YJR007W	SUI2	294	ELDNRSDSEDDEDES	Ficarro SB (2002)	11875433	Too strong
YJR007W	SUI2	301	SEDDEDESDDE____	Gnad F (2009)	19795423	Too strong
YNL088W	TOP2	1356	VVELSGESDLEILDS	Holt LJ (2009)	19779198	Too strong
YNL088W	TOP2	1363	SDLEILDSYTDREDS	Leroy D (1999)	10094396	Multisite cluster
YNL088W	TOP2	1365	LEILDSYTDREDSNK	Leroy D (1999)	10094396	Multisite cluster
YML100W	TSL1	49	QQQQRALSNNISQES	Holt LJ (2009)	19779198	No phenotype reported
YDL122W	UBP1	530	EKAAQQDSSEDENIG	Ficarro SB (2002)	11875433	Multisite cluster
YDL122W	UBP1	531	KAAQQDSSEDENIGG	Gnad F (2009)	19795423	Multisite cluster
YDR135C	YCF1	251	YKLPRNFSSEELSQK	Paumi CM (2008)	18667437	Candidate but the regulation is negative and so may be a difficult phenotype to study
YER079W	YER079W	194	PLSDHSPSLNSMDNT	Bodenmiller B (2010)	21177495	No phenotype reported